nome,telefone
"Sálvia Esmalteria | São Caetano do Sul - Manicure e Pedicure , alongamento de unhas, cílios e sobrancelhas.",011976008170
Thifani Duarte Nail Studio| Alongamentos e Cursos,011945667373
Camila Gisele Nails Designer,011954301254
Bruuh Nail Design,011951933735
Tamara Silva Nail Designer,011933289449
Daya Ferreira Nails Designer,011917895581
Studio Stephanie Nail,011947454080
Studio Alicia Silva | Nail Designer,011948810380
Studio Rosana Arty,011951222793
Beauty Studio Thais Gonçalves - Especialista em Unhas e Cílios,011989018703
"Fifteen Santo André - Unhas, Cílios e Sobrancelhas",01149908888
Studio Aline Goveia - Alongamento de Unhas,011987217068
Turquesa Esmalteria e Beleza - Shopping ABC,011953230101
Studio Seventies,011966616746
Studio Love,10000000149
"Adriana Missio , alongamento de unha , progressiva",011979727331
Eliza Siempre unhas e Alongamentos 24Hs,011979746636
Studio Dani Veloso,011948745955
Espaço Nara - Esmalteria especializada em alongamento Unha,011945556814
Bruna Zangiacomo Nail Designer,011914800234
Alongamento de unha/Aphodite Nail design - Zona Norte/São Paulo,011952552299
Alongamento em gel | Unhas em gel | Banho de gel | Esmaltação em gel • Studio RD Beauty Nails,011989305189
Leticia Gomes - Esmalteria & Nail Academy,011974772212
Esmalteria Andressa Moreira - Unidade Shopping,011967000780
Alongamento de unhas pé e mão Ateliê Anita Rosa,011983775619
Esmalteria Geyse Ferreira,011985248596
Espaço MiSousa Naildesigner,011978415481
Nail Designer Madah Santana,011961543396
Camila GataShow Nail Designer,011986017431
Lays - Nails Design,011945955241
Sabrina Nascimento - Manicure,011965036693
STUDIO ANDRADE,011984544324
Studio Daniele Dias Nails,011984353640
Amanda Gonzaga Nail Designer,011958424431
Jessica Merces Nail Studio,011977363660
Thalita Thomaz Nail Designer/ Manicure e alongamento de unhas,011973141896
Club Beauty Lounge,011987287370
Studio B.Y.,011947432300
Nay Nails Store LTDA,011969209131
Loucas por Unhas São Caetano,011994357559
Nâna Esmalteria,011947294333
Preciosa Esmalteria,011917027000
Studio Cacau Costa,011976940388
Alongamento de unhas em gel - Carla Sisti Beauty Nail,011940155983
LOJA FASHION ESMALTERIA NAILS & LASHES,011993702356
Studio B.Y.,011968652100
Jake Jakinha Nail Designer,011971741080
Esmalte Amigas Nail Bar Boutique,01143188007
Espaço Clécia costa,011997363729
HM UNHAS,011940166664
Espaço Ju Meneses,011932632005
Salão de Beleza Le'Studio D,011940880409
Unhas e Cursos São Caetano - Anna Jullia Estevão,011994633431
"Turquesa Esmalteria & Beleza - Santa Paula Paula, Manicure, Pedicure, SPA dos Pés, Massagem, Salão de Beleza",011948597083
"Sálvia Esmalteria | São Caetano do Sul - Manicure e Pedicure , alongamento de unhas, cílios e sobrancelhas.",011932060646
Raquel Rodrigues Nails Studio,011994733626
Stúdio Bárbara Couto,011945760246
Santa Paula,17734242062
Studio Avadora | Alongamento de Unhas,17734243482
STUDIO NAILS MARIANA DE SÁ,011963939691
Jake Jakinha Nail Designer,011987056004
Patrícia Rodrigues Nails Designer,011983608764
Studio Meus Cílios,011994530272
Studio Lu Rodrigues Nails,011951740850
Livania Queiroz - Manicure e pedicure,011984382441
Nail Designer em São Bernardo do Campo SP | Carla Luisi,011996647860
Madame Beauty,011912904886
Ju Ferreira Nail Design | Manicure em São Bernardo do Campo,011924243772
Studio Belle Mani - Alongamento de Unhas e Nail Designer,011995425054
Nail Designer em São Bernardo do Campo - SP | Ângela Vitti Studio,011939409948
Ateliê Gisele Varela Nail Artist,011987851107
Lisley Nail Designer,011914529687
Esmalteria em São Paulo - Cristiane Esmalteria Nail Designer,011988633019
Studio Luana Cardoso | Designer de unhas,011937121675
Mara Neyla nails,011992215854
Studio Janaina Moreira - Nail Designer,011946270877
Espaço Villard,011977902181
Esmalteria - Daniela Bela Nail & Spa,011913295786
Vivian Galvão Unhas e Beleza,011991056483
Studio Sol Santos,17734248259
Turquesa - jardim do mar - salão de beleza,011985784763
Carol Unha Perfeita,011984838248
Estúdio Tutti,011947996796
Esmalteria Ale Albuquerque - Especialista alongamento unha banho de gel esmaltacao em gel fibra de vidro,011947249815
Esmalteria Jana nail designer / Alongamento de unhas /banho de gel/ blindagem,17734249527
Lar das Unhas,011940777326
Esmalteria Butterfly,011948788544
Esmalteria Jhu Sousa Nails Designer,011987063317
Studio Retrô Camila Rubira - Unhas em fibra de vidro e alongamento de cílios.,011970761229
Esmalteria Laurastar,011958932474
Fê Pacheco Nail Designer e SPA,011940789069
Studio Cleia Esther,011915190434
Revitti Nails,011911410608
Carol Unha Perfeita,011994734883
Esmalteria Cegato,01127868540
Studio Vidal,011910164124
Studio Janaina Moreira - Nail Designer,011954774636
LA Studio SISTERS Nail designer,011940747022
bela unha art,011997420773
MGrassi Nails,011985900482
Unhas de Alto Padrão - Kaliane Benedita,011984429003
Nail Gel and Permanent Enamel in São Bernardo,011981055531
Carol Unha Perfeita,17734252665
Esmalteria - Daniela Bela Nail & Spa,011911527156
Plano A Esmalteria,17734254951
Esmalteria das Meninas,011986160317
Juliana Volpi Nail Designer,011992547764
Espaço Beatriz Oliveira Nail Designer,17734257218
Espaço Ramos,011964222295
Aline Suelen,011954904864
Vannucci Beauty Studio,011942467222
Alongamento de unha - Tai Nails Designer,011913512961
Studio Aline Goveia - Alongamento de Unhas,011933253266
Ali na Ane,17734259837
Tatiana Rezende - Esmalteria,011952801770
Esmalteria e Manicure Mar de Unhas,17734268748
Espaço Katia Silva | Alongamento de Unhas,011959926329
Violeta Studio - Alongamento de unhas,011930197328
Studio Paty e Pri,011932359119
Alongamento de unhas Amanda Risso Nail Studio,011967028839
Espaço Beatriz Pinheiro,011969900766
Lu Rosa Studio - Manicure | Maquiadora | Depilação,011963412984
Studio Aline Goveia - Alongamento de Unhas,17734272022
Feitas por Lari,17734274327
Feitas por Lari,011972316509
Esmalteria Joyce Aragão - Alongamento de Fibra de Vidro,011977038578
Alongamento de unhas - Studio Thaís Melo Nail Designer,011982471823
ALONGAMENTO DE UNHAS ABC • GEISA TRINDADE,011966641757
Espaço Vanessa Reis - Alongamento de unhas em fibra de vidro,011911583294
Studio Essência das unhas Pro unhas Daiana Araújo Santo André sp,011949043116
Studio Paty e Pri,011962005105
Ali na Ane,011993878464
Espaço Beatriz Oliveira Nail Designer,011954222991
Ateliê da Unha,011963238602
Esmalteria e Manicure Mar de Unhas,011952307180
Ariane | Alongamento de unhas e cursos ABC,01149755401
Aline mendes Beauty,011946336442
Alongamentos de Unha Maiara Ramos Nail Designer,011983747602
Stefanye Lira - Nails & Academy,011939070139
Esmaltação em Gel Giziana Menezes Manicure,011982495749
Thalita Casteliano Alongamento de unha,011963620730
Esmaltação em gel/Blindagem - Studio Eli Dill - Santo André - SP,011948412244
Lari Cardoso Unhas,011958524335
Ivin Sales Nails Designer,011941456909
Duas Dela ateliê,011993223168
Studio Raphaela Tedesco,011986360860
Aria Studio Nail Designer,011969265023
Studio Sula Soares,17734281822
Espaço das Unhas Magali de Fátima,011987895661
Studio Gleyce nails,011989280355
Castelinho das Unhas | Alongamento de Unhas e Extensão de Cílios em Osasco,011950215058
Nail designer Hellen Rodrigues,011947848161
Suzana Tobias Studio Nails,011949491734
BRONZEAMENTO EM OSASCO | UNHAS OSASCO,011914531244
Amorim Studio - Alongamento de unhas,011983544480
Studio Elaine Macedo Nails,011918605783
Evelyn Lara Nail designer,011948568481
Studio Franciele Cavalcante - Nail Designer,011970456395
Juliana Mendes Nail Designer,011963156322
Maroto Nails Stúdio de Alongamentos de Unhas,011966565859
Studio Agatha,011948586388
Espaço Beleza Plena Osasco,011968136328
Esmalteria Isabela Fernandes,011982452948
La Belle Esmalteria e Escovaria Express,011996044900
Studio Ana Santos,011977031643
Studio Will Ferrer & staff,01143252788
Studio Privado Spazio Mivla - Alongamento de Unhas,011959111191
Espaço Bárbara Farias,011966290265
Studio AM,011998083378
Unhas Cariocas Osasco Plaza,011910747048
Maria Bonita Cabeleireiros,01136985627
Dindas Esmalteria,01136811132
"Alongamento de Unhas em Osasco, manicure, pedicure - Studio Fernanda gomes",011966294684
Salão Loha Estética & Beleza,01136824080
Spa das Unhas,011982765108
Freitas Studio- Extensão de cílios/ Alongamento de unha,011954315231
Studio Mendess unhas,011933919451
Alongamento de unhas Juliana Ouro,011937538044
Giovanna Simões - Studio | Alongamento de Unha em Gel | Manicure e Pedicure | Mega Hair,011945945439
Esmalteria Star,011978881195
Nails Up Guarulhos,011919564509
Carioca Nail Spa,011995053747
Studio Aline Reis,011946960215
Naty Nails Designer,011964382205
Espaço Única Essência,011961954327
Naty Nails Designer,011989766191
Espaço Sarah Garcia - Concept Nails,011913127577
Camila Teixeira Studio de Unhas,011998820106
Nails2you Guarulhos,011982804820
Tita Nails Ateliê de Unhas em Guarulhos,011914153886
Nails2you Guarulhos,011969575617
Bruna Bueno Alongamento de unhas,011942095952
Luana Amorim | Nail Designer em Guarulhos,011993430195
Studio Pink - Unhas Guarulhos,011950434896
Studio Elaine Mesquita,011969697299
Turquesa Beleza & Bem Estar - Internacional Shopping de Guarulhos,011912622122
Espaço Bendita Cor,011980834149
Ateliê das Unhas,01120872286
Esmalteria Vila Augusta Guarulhos,011991171918
Estilo Fino Esmalteria,011949496810
Espaço Unha Bella,01124084631
Cantinho das unhas Ariane Tavares,011970160269
Cinthia Grace | Manicure em Guarulhos,011990186533
STUDIO Flor de Lótus 🪷,011934548686
Turquesa Beleza & Bem estar - Gruairport,011948218532
Studio Bruna silva,011954248588
Laís Studio - Unhas e Cílios,011995170857
"Belle Mani Esmalteria | Manicure, Pedicure e Alongamento de Unhas em Guarulhos",011988636031
"Esmalteria, ÚNICA você por inteiro",011958350704
💅Isa Lopes Salone | alongamento de Unhas Guarulhos | nail designer | unhas de gel | esmaltação em gel,011971682122
Studio Gessler,011942292423
Studio K Nails Design,011932117267
Vennus Nail Studio,011922119595
CAROLINE DANTAS,011998083676
Natália Brasil - Curso de Alongamento de Unhas em Guarulhos,011987134544
Studio AAGM'S,01124581910
Studio Janis Gomes Nail Designer,011914446190
Studio Nailash,011957105482
Janaína Soares Studio,011984331139
"Studio Elite Beauty - Cílios, Alongamento de Unhas, Banho de Lua e Depilação",011951548729
Meninas das Unhas,011913151819
Cantinho das unhas Ariane Tavares,011997213985
